{"cameraMode":{"drawMode":0,"name":"Shaded","section":"Shading Mode"},"sceneLighting":true,"audioPlay":false,"sceneViewState":{"showFog":true,"showMaterialUpdate":false,"showSkybox":true,"showFlares":true,"showImageEffects":true,"showParticleSystems":true},"in2DMode":false,"pivot":{"x":-0.8589403629302979,"y":-3.3837013244628908,"z":6.503387928009033},"rotation":{"x":-0.3332085609436035,"y":-0.06358448415994644,"z":0.022520247846841813,"w":-0.9404707551002502},"size":6.90739631652832,"orthographic":false}