{"cameraMode":{"drawMode":0,"name":"Shaded","section":"Shading Mode"},"sceneLighting":false,"audioPlay":false,"sceneViewState":{"showFog":true,"showMaterialUpdate":false,"showSkybox":false,"showFlares":true,"showImageEffects":true,"showParticleSystems":true},"in2DMode":false,"pivot":{"x":0.05978403985500336,"y":0.15191851556301118,"z":0.057861328125},"rotation":{"x":0.03510865569114685,"y":0.6808568835258484,"z":-0.0327049121260643,"w":0.7308493256568909},"size":0.2975643575191498,"orthographic":true}