{"cameraMode":{"drawMode":0,"name":"Shaded","section":"Shading Mode"},"sceneLighting":true,"audioPlay":false,"sceneViewState":{"showFog":true,"showMaterialUpdate":false,"showSkybox":true,"showFlares":true,"showImageEffects":true,"showParticleSystems":true},"in2DMode":false,"pivot":{"x":15.747101783752442,"y":-11.737142562866211,"z":-36.02360153198242},"rotation":{"x":-0.025305503979325296,"y":-0.9745325446128845,"z":0.16678383946418763,"w":-0.1478879600763321},"size":28.11005210876465,"orthographic":false}