{"cameraMode":{"drawMode":0,"name":"Shaded","section":"Shading Mode"},"sceneLighting":false,"audioPlay":false,"sceneViewState":{"showFog":true,"showMaterialUpdate":false,"showSkybox":false,"showFlares":true,"showImageEffects":true,"showParticleSystems":true},"in2DMode":false,"pivot":{"x":-0.0002682805061340332,"y":0.01526605524122715,"z":-0.02857646346092224},"rotation":{"x":-0.05975261703133583,"y":-0.08375033736228943,"z":-0.005031082779169083,"w":0.9946812987327576},"size":0.18261699378490449,"orthographic":true}