{"cameraMode":{"drawMode":0,"name":"Shaded","section":"Shading Mode"},"sceneLighting":true,"audioPlay":false,"sceneViewState":{"showFog":true,"showMaterialUpdate":false,"showSkybox":true,"showFlares":true,"showImageEffects":true,"showParticleSystems":true},"in2DMode":false,"pivot":{"x":0.05332672595977783,"y":-1.5235282182693482,"z":4.168689727783203},"rotation":{"x":-0.28544938564300539,"y":-0.014383097179234028,"z":0.0042725359089672569,"w":-0.9583085179328919},"size":5.107395172119141,"orthographic":false}