{"cameraMode":{"drawMode":0,"name":"Shaded","section":"Shading Mode"},"sceneLighting":false,"audioPlay":false,"sceneViewState":{"showFog":true,"showMaterialUpdate":false,"showSkybox":false,"showFlares":true,"showImageEffects":true,"showParticleSystems":true},"in2DMode":false,"pivot":{"x":0.100594162940979,"y":-0.17193901538848878,"z":0.14639663696289063},"rotation":{"x":-0.17739130556583405,"y":0.48605623841285708,"z":-0.10146920382976532,"w":-0.849708616733551},"size":0.5017228722572327,"orthographic":false}