{"cameraMode":{"drawMode":0,"name":"Shaded","section":"Shading Mode"},"sceneLighting":false,"audioPlay":false,"sceneViewState":{"showFog":true,"showMaterialUpdate":false,"showSkybox":false,"showFlares":true,"showImageEffects":true,"showParticleSystems":true},"in2DMode":false,"pivot":{"x":0.10057938098907471,"y":-0.04411087930202484,"z":0.037689462304115298},"rotation":{"x":0.05595958232879639,"y":0.6267759799957275,"z":-0.04520620033144951,"w":0.7758720517158508},"size":0.10404405742883682,"orthographic":true}