{"cameraMode":{"drawMode":0,"name":"Shaded","section":"Shading Mode"},"sceneLighting":false,"audioPlay":false,"sceneViewState":{"showFog":true,"showMaterialUpdate":false,"showSkybox":false,"showFlares":true,"showImageEffects":true,"showParticleSystems":true},"in2DMode":false,"pivot":{"x":0.0002396702766418457,"y":0.8288186192512512,"z":0.04697790741920471},"rotation":{"x":0.06835182756185532,"y":-0.815185546875,"z":0.09828579425811768,"w":0.566757321357727},"size":1.439470648765564,"orthographic":false}