{"cameraMode":{"drawMode":0,"name":"Shaded","section":"Shading Mode"},"sceneLighting":false,"audioPlay":false,"sceneViewState":{"showFog":true,"showMaterialUpdate":false,"showSkybox":false,"showFlares":true,"showImageEffects":true,"showParticleSystems":true},"in2DMode":false,"pivot":{"x":-0.08763456344604492,"y":-0.08456355333328247,"z":-0.10813826322555542},"rotation":{"x":0.30450186133384707,"y":-0.19671137630939485,"z":0.06442494690418244,"w":0.9297495484352112},"size":0.20795036852359773,"orthographic":true}