{"cameraMode":{"drawMode":0,"name":"Shaded","section":"Shading Mode"},"sceneLighting":true,"audioPlay":false,"sceneViewState":{"showFog":true,"showMaterialUpdate":false,"showSkybox":true,"showFlares":true,"showImageEffects":true,"showParticleSystems":true},"in2DMode":false,"pivot":{"x":-22.937437057495118,"y":-3.2507059574127199,"z":-11.62777042388916},"rotation":{"x":0.03868809714913368,"y":-0.8653978109359741,"z":0.06763972342014313,"w":0.4950276017189026},"size":14.936591148376465,"orthographic":false}