{"cameraMode":{"drawMode":0,"name":"Shaded","section":"Shading Mode"},"sceneLighting":false,"audioPlay":false,"sceneViewState":{"showFog":true,"showMaterialUpdate":false,"showSkybox":false,"showFlares":true,"showImageEffects":true,"showParticleSystems":true},"in2DMode":false,"pivot":{"x":0.1177978515625,"y":0.04901885986328125,"z":0.05645751953125},"rotation":{"x":0.028359023854136468,"y":0.9166095852851868,"z":-0.06611278653144837,"w":0.3932725191116333},"size":0.20135460793972016,"orthographic":true}