{"cameraMode":{"drawMode":0,"name":"Shaded","section":"Shading Mode"},"sceneLighting":false,"audioPlay":false,"sceneViewState":{"showFog":true,"showMaterialUpdate":false,"showSkybox":false,"showFlares":true,"showImageEffects":true,"showParticleSystems":true},"in2DMode":false,"pivot":{"x":1.9487533569335938,"y":2.117431640625,"z":0.65594482421875},"rotation":{"x":-0.0008165389881469309,"y":-0.9989820122718811,"z":0.04048066586256027,"w":-0.020083699375391008},"size":0.8438172340393066,"orthographic":true}