{"cameraMode":{"drawMode":0,"name":"Shaded","section":"Shading Mode"},"sceneLighting":false,"audioPlay":false,"sceneViewState":{"showFog":true,"showMaterialUpdate":false,"showSkybox":false,"showFlares":true,"showImageEffects":true,"showParticleSystems":true},"in2DMode":false,"pivot":{"x":-0.30089154839515688,"y":-0.055835843086242679,"z":0.442307710647583},"rotation":{"x":-0.15136949717998506,"y":0.13065792620182038,"z":-0.02018929086625576,"w":-0.9795963764190674},"size":0.6982771158218384,"orthographic":false}