{"cameraMode":{"drawMode":0,"name":"Shaded","section":"Shading Mode"},"sceneLighting":false,"audioPlay":false,"sceneViewState":{"showFog":true,"showMaterialUpdate":false,"showSkybox":false,"showFlares":true,"showImageEffects":true,"showParticleSystems":true},"in2DMode":false,"pivot":{"x":0.06616348028182984,"y":-0.1415029764175415,"z":0.38103461265563967},"rotation":{"x":-0.23731617629528047,"y":0.167160764336586,"z":-0.041493698954582217,"w":-0.9560429453849793},"size":2.1871936321258547,"orthographic":false}